{
    "mse": 686138996.1638823,
    "mae": 16828.149187335664,
    "r2": 0.6358498055417968
}
