{
    "mse": 666178437.5940244,
    "mae": 16456.394035703528,
    "r2": 0.6464433461004098
}
