{
    "mse": 677847648.2072302,
    "mae": 14607.7841796875,
    "r2": 0.6402502200170211
}
