{
    "mse": 664421467.2991453,
    "mae": 16431.53846153846,
    "r2": 0.6473758117933883
}
