{
    "mse": 696936847.7899284,
    "mae": 14863.667868589744,
    "r2": 0.6301191302830824
}
